user_id,question_id,answered,liked,
this_user_likes_Travel@gmail.com,Di2Q7z6QQbrVDKKNTPXb,1,,
this_user_likes_Travel@gmail.com,GrJEduiuQJZCPwZE1unr,1,1,
this_user_likes_Travel@gmail.com,SGQ26jizM4RJU7fkrdZs,1,,
this_user_likes_Travel@gmail.com,0K0xuDeXiNo49ulkPS9A,1,1,
this_user_likes_Travel@gmail.com,dxFzevarnmcheTX5WfSx,1,1,
this_user_likes_Travel@gmail.com,iOHgzO9IDSJoKvRPVqDT,1,,
this_user_likes_Travel@gmail.com,wH9XvzijktfVA0Q37Nl1,1,,
this_user_likes_Travel@gmail.com,AKes1kMp8A6RRUc8h8Ns,1,,
this_user_likes_Travel@gmail.com,G98C2xrrkJnCSH7isteh,,1,
this_user_likes_Travel@gmail.com,YEQRVsYBeWlLZwBnOKtN,1,,
this_user_likes_Travel@gmail.com,aWLaiKCNYIZgy2cJlG06,1,,
this_user_likes_Travel@gmail.com,ek6rSV2W97HVU4mBW91z,,1,
this_user_likes_Travel@gmail.com,oNvAJMn92iLUHwoQdyDR,1,1,
this_user_likes_Travel@gmail.com,fNwJL9FhLFxh3cHCUNEa,1,,
this_user_likes_Travel@gmail.com,iaozHnMmfv1kZQ9MGhY7,1,,
this_user_likes_Travel@gmail.com,8eeNLtsCfqXFTxhAFgsC,1,,
this_user_likes_Travel@gmail.com,95td6B38IOERfdLiTky0,1,1,
this_user_likes_Travel@gmail.com,JTJma5pIZmGeHC2pHXfw,1,,
this_user_likes_Travel@gmail.com,6cLVZ8fwYlITkamNpeHd,1,,
this_user_likes_Travel@gmail.com,78ngvsnExMQKcEyMQpSJ,1,1,
this_user_likes_Travel@gmail.com,l7qdt7uqUyMmpLpelhbF,1,,
this_user_likes_Travel@gmail.com,nee4HID1iJMhoT0uNUeZ,1,,
this_user_likes_Travel@gmail.com,uxkGwOOZQJXBPf7RKiI4,1,1,
this_user_likes_Travel@gmail.com,uz9P4VnPDyI16hpy6MMk,1,,
this_user_likes_Travel@gmail.com,3F5yAfdkHudVpSfADqKT,1,,
this_user_likes_Travel@gmail.com,74rEorK3ni7UEGCrZqTd,1,,
this_user_likes_Travel@gmail.com,zwOuxlfQAlTVzIlPEePL,1,,
this_user_likes_Travel@gmail.com,01PHtLBzCXDHJNnEIArw,1,,
this_user_likes_Travel@gmail.com,4oZAoZfK5PIfxnYG9M5n,,1,
this_user_likes_Travel@gmail.com,4ossYKx9FVmdXIGTIKKX,1,,
this_user_likes_Travel@gmail.com,69uWJzUXNkgo2GCevpvC,1,1,
this_user_likes_Travel@gmail.com,OfclCUjEg4oHM7dhw06P,1,,
this_user_likes_Travel@gmail.com,OiCQmziXIjdWvkpm4Zrh,1,1,
this_user_likes_Travel@gmail.com,R6B2gLRgkdf2bdkjhSaE,1,1,
this_user_likes_Travel@gmail.com,RZOuiSlLyKa1iTsyOriJ,1,,
this_user_likes_Travel@gmail.com,S35bqZym4evDv7OhSS9o,1,1,
this_user_likes_Travel@gmail.com,dUNYEcOKFpWVfZh0Wl4l,1,1,
this_user_likes_Travel@gmail.com,gEk239lJwWAUp4GgEqPE,1,,
this_user_likes_Travel@gmail.com,gXb0xXSSOzYeZ3IUpqlG,1,1,
teddy_bear_likes_history@gmail.com,01PHtLBzCXDHJNnEIArw,1,,
teddy_bear_likes_history@gmail.com,08Ex4qLKZSL6m4uGcAc5,1,,
teddy_bear_likes_history@gmail.com,0TbTlDbxr0qGDTtTAVqX,1,,
teddy_bear_likes_history@gmail.com,3pRqA8VKBvWfIorgeiqa,,1,
teddy_bear_likes_history@gmail.com,6AsVqtngsQnOKbRUw8fj,1,,
teddy_bear_likes_history@gmail.com,6cLVZ8fwYlITkamNpeHd,1,1,
teddy_bear_likes_history@gmail.com,78ngvsnExMQKcEyMQpSJ,,1,
teddy_bear_likes_history@gmail.com,95td6B38IOERfdLiTky0,,1,
teddy_bear_likes_history@gmail.com,AKes1kMp8A6RRUc8h8Ns,1,,
teddy_bear_likes_history@gmail.com,G98C2xrrkJnCSH7isteh,1,1,
teddy_bear_likes_history@gmail.com,K12mLH5fBOYHZ3pmZQ7Y,1,,
teddy_bear_likes_history@gmail.com,OVhd9SnQ6ZhtXmiSaRb5,1,,
teddy_bear_likes_history@gmail.com,PnRY3Kk2cfLsT6DsrnVf,1,,
teddy_bear_likes_history@gmail.com,Q2LZYJGIotCSp4fdmUnX,,1,
teddy_bear_likes_history@gmail.com,S0nFGSVzveLUCdpgEuqZ,,1,
teddy_bear_likes_history@gmail.com,VHfSNVuJ1FhQfut0f7kE,1,,
teddy_bear_likes_history@gmail.com,YT3Txqd0EczSTSC5Bmnv,1,1,
teddy_bear_likes_history@gmail.com,ZnngxxY7EnGlUNDxxDk1,1,,
teddy_bear_likes_history@gmail.com,aFwIx9mCs1ueXgsB0mwM,1,,
teddy_bear_likes_history@gmail.com,bHqKdwh7nRXe55s6ZtHs,,1,
teddy_bear_likes_history@gmail.com,bj2XWV4ocOROLTInvCGg,1,,
teddy_bear_likes_history@gmail.com,dUNYEcOKFpWVfZh0Wl4l,1,1,
teddy_bear_likes_history@gmail.com,fu9bmsHyXra8jhpBqyRC,1,1,
teddy_bear_likes_history@gmail.com,l7qdt7uqUyMmpLpelhbF,1,,
teddy_bear_likes_history@gmail.com,neVSfgCEQ2M0OE68FZFs,1,,
teddy_bear_likes_history@gmail.com,mOQClTh5oxwoXPIe2MhU,,1,
teddy_bear_likes_history@gmail.com,pa24x8yNeZVBQDRbTeoP,1,1,
teddy_bear_likes_history@gmail.com,pnXCKQuTvSQ9cpxNk7mc,,1,
teddy_bear_likes_history@gmail.com,s41HMqB6DU41AhCkzvM9,,1,
teddy_bear_likes_history@gmail.com,s41HMqB6DU41AhCkzvM9,1,,
teddy_bear_likes_history@gmail.com,xdlE3JMY8dD5tEfI1fxe,1,1,
teddy_bear_likes_history@gmail.com,zqJe3PHINC2L4LO8oFvb,1,,
teddy_bear_likes_history@gmail.com,zwOuxlfQAlTVzIlPEePL,1,1,
crazy_about_biology@gmail.com,01PHtLBzCXDHJNnEIArw,1,,
crazy_about_biology@gmail.com,0K0xuDeXiNo49ulkPS9A,1,,
crazy_about_biology@gmail.com,0TbTlDbxr0qGDTtTAVqX,1,,
crazy_about_biology@gmail.com,3F5yAfdkHudVpSfADqKT,,1,
crazy_about_biology@gmail.com,3lhFXq0c9346Kgpt5Cx7,,1,
crazy_about_biology@gmail.com,3pRqA8VKBvWfIorgeiqa,1,,
crazy_about_biology@gmail.com,4j7qYHaeTVVmp0bQ1v2j,1,,
crazy_about_biology@gmail.com,4kMzx2XvIJqo2QIZACtx,1,1,
crazy_about_biology@gmail.com,69uWJzUXNkgo2GCevpvC,1,,
crazy_about_biology@gmail.com,74rEorK3ni7UEGCrZqTd,,1,
crazy_about_biology@gmail.com,7lEYOY881RRlpRrl1NHe,1,1,
crazy_about_biology@gmail.com,AKes1kMp8A6RRUc8h8Ns,1,,
crazy_about_biology@gmail.com,G98C2xrrkJnCSH7isteh,1,,
crazy_about_biology@gmail.com,IaxegJ968XoL3pxkzpGH,,1,
crazy_about_biology@gmail.com,NZyHmr9do29saItRhZyu,,1,
crazy_about_biology@gmail.com,Ny2zEDA17MvyPiwaQ5FC,1,,
crazy_about_biology@gmail.com,OIdJRUlHu5sBLKGpYzSF,,1,
crazy_about_biology@gmail.com,PRRw51q8GC4tTuO8aC8w,1,1,
crazy_about_biology@gmail.com,Q2LZYJGIotCSp4fdmUnX,,1,
crazy_about_biology@gmail.com,S0nFGSVzveLUCdpgEuqZ,,1,
crazy_about_biology@gmail.com,aFwIx9mCs1ueXgsB0mwM,1,,
crazy_about_biology@gmail.com,V3yLHWCo8QEZCDlBkdDL,1,,
crazy_about_biology@gmail.com,VHfSNVuJ1FhQfut0f7kE,,1,
crazy_about_biology@gmail.com,VK7CcKTci0cGh9mNfFfF,,1,
crazy_about_biology@gmail.com,bXixVgWOcg2dtQPGdWYT,1,,
crazy_about_biology@gmail.com,bj2XWV4ocOROLTInvCGg,1,,
crazy_about_biology@gmail.com,fu9bmsHyXra8jhpBqyRC,1,,
crazy_about_biology@gmail.com,guNXtPVwzumWy24i5dbG,1,1,
crazy_about_biology@gmail.com,hgJBoVwKFZkHcwedAvrl,1,,
crazy_about_biology@gmail.com,hdmN0SCCJz8eQXXSsouf,,1,
crazy_about_biology@gmail.com,m7zgqMjK8f3pQ4uYXuHT,1,,
crazy_about_biology@gmail.com,mAdQ0KcHlsTajIPkcjX0,1,,
crazy_about_biology@gmail.com,neVSfgCEQ2M0OE68FZFs,1,,
crazy_about_biology@gmail.com,pa24x8yNeZVBQDRbTeoP,1,,
crazy_about_biology@gmail.com,pnXCKQuTvSQ9cpxNk7mc,1,1,
crazy_about_biology@gmail.com,s41HMqB6DU41AhCkzvM9,1,1,
crazy_about_biology@gmail.com,t87tWD7aXqF5Jy2niNWm,1,1,
crazy_about_biology@gmail.com,xdlE3JMY8dD5tEfI1fxe,1,,
baby_eggplant@gmail.com,01PHtLBzCXDHJNnEIArw,1,1,
baby_eggplant@gmail.com,0K0xuDeXiNo49ulkPS9A,,1,
baby_eggplant@gmail.com,0TbTlDbxr0qGDTtTAVqX,,1,
baby_eggplant@gmail.com,0WJIiit5zaJ83ZEvIRZx,1,,
baby_eggplant@gmail.com,3F5yAfdkHudVpSfADqKT,1,,
baby_eggplant@gmail.com,3lhFXq0c9346Kgpt5Cx7,1,,
baby_eggplant@gmail.com,3pRqA8VKBvWfIorgeiqa,1,,
baby_eggplant@gmail.com,6bvq3Ty7yJ7WHSP9q3ic,1,,
baby_eggplant@gmail.com,6cLVZ8fwYlITkamNpeHd,,1,
baby_eggplant@gmail.com,74rEorK3ni7UEGCrZqTd,1,,
baby_eggplant@gmail.com,7lEYOY881RRlpRrl1NHe,,1,
baby_eggplant@gmail.com,8eeNLtsCfqXFTxhAFgsC,1,,
baby_eggplant@gmail.com,EEgeI2OjlNRFIANq3knk,1,,
baby_eggplant@gmail.com,L0r2pYtL6NhUzKD4dkb1,1,1,
baby_eggplant@gmail.com,Ny2zEDA17MvyPiwaQ5FC,1,1,
baby_eggplant@gmail.com,OIdJRUlHu5sBLKGpYzSF,1,,
baby_eggplant@gmail.com,OiCQmziXIjdWvkpm4Zrh,1,,
baby_eggplant@gmail.com,S0nFGSVzveLUCdpgEuqZ,1,,
baby_eggplant@gmail.com,X3uJFxcxotsm7urbOgNn,1,,
baby_eggplant@gmail.com,Xc3CQSznq9vMwyGZxKFG,,1,
baby_eggplant@gmail.com,m7zgqMjK8f3pQ4uYXuHT,,1,
baby_eggplant@gmail.com,mAdQ0KcHlsTajIPkcjX0,1,,
baby_eggplant@gmail.com,mOQClTh5oxwoXPIe2MhU,,1,
baby_eggplant@gmail.com,pnXCKQuTvSQ9cpxNk7mc,1,,
baby_eggplant@gmail.com,suZVbwNLp2ApjSGhXtTZ,1,,
baby_eggplant@gmail.com,syZHOHCIYIBhfyk0uKJc,,1,
baby_eggplant@gmail.com,vUDwWYyYniLBnOHkzUuy,1,,
baby_eggplant@gmail.com,xdlE3JMY8dD5tEfI1fxe,1,1,
baby_eggplant@gmail.com,zqJe3PHINC2L4LO8oFvb,1,,
baby_eggplant@gmail.com,zwOuxlfQAlTVzIlPEePL,,1,
i_am_a_history_professor@gmail.com,01PHtLBzCXDHJNnEIArw,1,1,
i_am_a_history_professor@gmail.com,0TbTlDbxr0qGDTtTAVqX,,1,
i_am_a_history_professor@gmail.com,3F5yAfdkHudVpSfADqKT,1,,
i_am_a_history_professor@gmail.com,3lhFXq0c9346Kgpt5Cx7,1,,
i_am_a_history_professor@gmail.com,3pRqA8VKBvWfIorgeiqa,1,,
i_am_a_history_professor@gmail.com,4oZAoZfK5PIfxnYG9M5n,1,,
i_am_a_history_professor@gmail.com,6AsVqtngsQnOKbRUw8fj,1,,
i_am_a_history_professor@gmail.com,6YU2DfSRh4SF1Uqz1I3j,,1,
i_am_a_history_professor@gmail.com,6cLVZ8fwYlITkamNpeHd,1,1,
i_am_a_history_professor@gmail.com,78ngvsnExMQKcEyMQpSJ,1,,
i_am_a_history_professor@gmail.com,AKes1kMp8A6RRUc8h8Ns,1,,
i_am_a_history_professor@gmail.com,B1aEqDtJEHYIXFIJN56o,1,,
i_am_a_history_professor@gmail.com,DjgY0k3t4GoTGhv9WB27,,1,
i_am_a_history_professor@gmail.com,GrJEduiuQJZCPwZE1unr,,1,
i_am_a_history_professor@gmail.com,IDZ7kf2x8XRKSk4l6n3I,1,,
i_am_a_history_professor@gmail.com,K12mLH5fBOYHZ3pmZQ7Y,1,1,
i_am_a_history_professor@gmail.com,LEBR5NuwHWrpcXR3oVfD,1,,
i_am_a_history_professor@gmail.com,LVZ6Hhpc9aXMILdYD8In,1,,
i_am_a_history_professor@gmail.com,Nsjd7btrDMEO6TniHzOM,1,,
i_am_a_history_professor@gmail.com,Ny2zEDA17MvyPiwaQ5FC,,1,
i_am_a_history_professor@gmail.com,OVhd9SnQ6ZhtXmiSaRb5,1,1,
i_am_a_history_professor@gmail.com,OiCQmziXIjdWvkpm4Zrh,1,,
i_am_a_history_professor@gmail.com,PnRY3Kk2cfLsT6DsrnVf,1,,
i_am_a_history_professor@gmail.com,Q2LZYJGIotCSp4fdmUnX,,1,
i_am_a_history_professor@gmail.com,S0nFGSVzveLUCdpgEuqZ,1,,
i_am_a_history_professor@gmail.com,VNBlGthEqnV9Kds3N57G,,1,
i_am_a_history_professor@gmail.com,aFwIx9mCs1ueXgsB0mwM,1,,
i_am_a_history_professor@gmail.com,bj2XWV4ocOROLTInvCGg,1,,
i_am_a_history_professor@gmail.com,fu9bmsHyXra8jhpBqyRC,1,,
i_am_a_history_professor@gmail.com,m7zgqMjK8f3pQ4uYXuHT,1,,
i_am_a_history_professor@gmail.com,q7RSyYEDrDTjE6XWvpE4,1,1,
i_am_a_history_professor@gmail.com,xdlE3JMY8dD5tEfI1fxe,,1,
i_am_a_history_professor@gmail.com,zqJe3PHINC2L4LO8oFvb,,1,
bear_and_strawberry@gmail.com,01PHtLBzCXDHJNnEIArw,,1,
bear_and_strawberry@gmail.com,0K0xuDeXiNo49ulkPS9A,1,,
bear_and_strawberry@gmail.com,0TbTlDbxr0qGDTtTAVqX,1,,
bear_and_strawberry@gmail.com,3F5yAfdkHudVpSfADqKT,,1,
bear_and_strawberry@gmail.com,3lhFXq0c9346Kgpt5Cx7,1,,
bear_and_strawberry@gmail.com,3pRqA8VKBvWfIorgeiqa,,1,
bear_and_strawberry@gmail.com,69uWJzUXNkgo2GCevpvC,1,1,
bear_and_strawberry@gmail.com,7lEYOY881RRlpRrl1NHe,1,1,
bear_and_strawberry@gmail.com,8eeNLtsCfqXFTxhAFgsC,,1,
bear_and_strawberry@gmail.com,95td6B38IOERfdLiTky0,1,,
bear_and_strawberry@gmail.com,DjgY0k3t4GoTGhv9WB27,1,,
bear_and_strawberry@gmail.com,JTJma5pIZmGeHC2pHXfw,1,,
bear_and_strawberry@gmail.com,Mo2YUtZ9fUiqpeKbEy0V,1,,
bear_and_strawberry@gmail.com,NZyHmr9do29saItRhZyu,1,,
bear_and_strawberry@gmail.com,OeZ9b2lQcvd7pWZdVxYs,1,,
bear_and_strawberry@gmail.com,Q2LZYJGIotCSp4fdmUnX,,1,
bear_and_strawberry@gmail.com,S0nFGSVzveLUCdpgEuqZ,1,1,
bear_and_strawberry@gmail.com,VNBlGthEqnV9Kds3N57G,1,,
bear_and_strawberry@gmail.com,Ywu4pKesm2uztCgs9O50,1,,
bear_and_strawberry@gmail.com,ZnngxxY7EnGlUNDxxDk1,,1,
bear_and_strawberry@gmail.com,fu9bmsHyXra8jhpBqyRC,,1,
bear_and_strawberry@gmail.com,mAdQ0KcHlsTajIPkcjX0,,1,
bear_and_strawberry@gmail.com,mOQClTh5oxwoXPIe2MhU,1,1,
bear_and_strawberry@gmail.com,neVSfgCEQ2M0OE68FZFs,1,,
bear_and_strawberry@gmail.com,pa24x8yNeZVBQDRbTeoP,1,1,
bear_and_strawberry@gmail.com,pnXCKQuTvSQ9cpxNk7mc,1,,
bear_and_strawberry@gmail.com,s9MWI9pe8wGyzYlncQm3,1,,
bear_and_strawberry@gmail.com,v39hT1GLI9qdsk7p9bKj,1,,
bear_and_strawberry@gmail.com,vTHO8ExBk6eHmL0vSfAv,1,1,
bear_and_strawberry@gmail.com,xdlE3JMY8dD5tEfI1fxe,1,,
bear_and_strawberry@gmail.com,zqJe3PHINC2L4LO8oFvb,1,,
bear_and_strawberry@gmail.com,zwOuxlfQAlTVzIlPEePL,,1,
i_want_ice_cream@gmail.com,01PHtLBzCXDHJNnEIArw,1,,
i_want_ice_cream@gmail.com,3F5yAfdkHudVpSfADqKT,,1,
i_want_ice_cream@gmail.com,3lhFXq0c9346Kgpt5Cx7,,1,
i_want_ice_cream@gmail.com,3pRqA8VKBvWfIorgeiqa,1,,
i_want_ice_cream@gmail.com,4ossYKx9FVmdXIGTIKKX,1,,
i_want_ice_cream@gmail.com,69uWJzUXNkgo2GCevpvC,1,,
i_want_ice_cream@gmail.com,6AsVqtngsQnOKbRUw8fj,1,,
i_want_ice_cream@gmail.com,6YU2DfSRh4SF1Uqz1I3j,1,,
i_want_ice_cream@gmail.com,6bvq3Ty7yJ7WHSP9q3ic,,1,
i_want_ice_cream@gmail.com,6cLVZ8fwYlITkamNpeHd,1,,
i_want_ice_cream@gmail.com,7lEYOY881RRlpRrl1NHe,1,1,
i_want_ice_cream@gmail.com,8eeNLtsCfqXFTxhAFgsC,1,1,
i_want_ice_cream@gmail.com,95td6B38IOERfdLiTky0,,1,
i_want_ice_cream@gmail.com,AKes1kMp8A6RRUc8h8Ns,,1,
i_want_ice_cream@gmail.com,G98C2xrrkJnCSH7isteh,1,1,
i_want_ice_cream@gmail.com,IDZ7kf2x8XRKSk4l6n3I,1,,
i_want_ice_cream@gmail.com,LVZ6Hhpc9aXMILdYD8In,1,,
i_want_ice_cream@gmail.com,Mo2YUtZ9fUiqpeKbEy0V,1,,
i_want_ice_cream@gmail.com,OVhd9SnQ6ZhtXmiSaRb5,1,,
i_want_ice_cream@gmail.com,OiCQmziXIjdWvkpm4Zrh,1,,
i_want_ice_cream@gmail.com,Q2LZYJGIotCSp4fdmUnX,,1,
i_want_ice_cream@gmail.com,R5PGoyhjAkSdUbdHgZBd,1,1,
i_want_ice_cream@gmail.com,S0nFGSVzveLUCdpgEuqZ,1,,
i_want_ice_cream@gmail.com,VHfSNVuJ1FhQfut0f7kE,1,,
i_want_ice_cream@gmail.com,VNBlGthEqnV9Kds3N57G,1,,
i_want_ice_cream@gmail.com,Xc3CQSznq9vMwyGZxKFG,1,,
i_want_ice_cream@gmail.com,YEQRVsYBeWlLZwBnOKtN,1,1,
i_want_ice_cream@gmail.com,ZnngxxY7EnGlUNDxxDk1,1,,
i_want_ice_cream@gmail.com,aFwIx9mCs1ueXgsB0mwM,,1,
i_want_ice_cream@gmail.com,fu9bmsHyXra8jhpBqyRC,1,,
i_want_ice_cream@gmail.com,m7zgqMjK8f3pQ4uYXuHT,,1,
i_want_ice_cream@gmail.com,mAdQ0KcHlsTajIPkcjX0,1,,
i_want_ice_cream@gmail.com,mOQClTh5oxwoXPIe2MhU,,1,
i_want_ice_cream@gmail.com,t87tWD7aXqF5Jy2niNWm,,1,
watermelon_donut@gmail.com,01PHtLBzCXDHJNnEIArw,1,,
watermelon_donut@gmail.com,0K0xuDeXiNo49ulkPS9A,1,,
watermelon_donut@gmail.com,0TbTlDbxr0qGDTtTAVqX,1,,
watermelon_donut@gmail.com,4ossYKx9FVmdXIGTIKKX,1,,
watermelon_donut@gmail.com,69uWJzUXNkgo2GCevpvC,1,,
watermelon_donut@gmail.com,6cLVZ8fwYlITkamNpeHd,,1,
watermelon_donut@gmail.com,7lEYOY881RRlpRrl1NHe,,1,
watermelon_donut@gmail.com,8eeNLtsCfqXFTxhAFgsC,1,,
watermelon_donut@gmail.com,95td6B38IOERfdLiTky0,1,1,
watermelon_donut@gmail.com,AKes1kMp8A6RRUc8h8Ns,1,1,
watermelon_donut@gmail.com,L0r2pYtL6NhUzKD4dkb1,,1,
watermelon_donut@gmail.com,Mo2YUtZ9fUiqpeKbEy0V,,1,
watermelon_donut@gmail.com,OfclCUjEg4oHM7dhw06P,1,,
watermelon_donut@gmail.com,OiCQmziXIjdWvkpm4Zrh,1,,
watermelon_donut@gmail.com,R6B2gLRgkdf2bdkjhSaE,1,,
watermelon_donut@gmail.com,S0nFGSVzveLUCdpgEuqZ,1,,
watermelon_donut@gmail.com,SrW9SgmJzt3Y8GEy1pyc,1,,
watermelon_donut@gmail.com,VHfSNVuJ1FhQfut0f7kE,,1,
watermelon_donut@gmail.com,Xc3CQSznq9vMwyGZxKFG,1,,
watermelon_donut@gmail.com,YEQRVsYBeWlLZwBnOKtN,1,,
watermelon_donut@gmail.com,ZeEixwtAi5ZRwtjTDDeX,,1,
watermelon_donut@gmail.com,ZnngxxY7EnGlUNDxxDk1,1,1,
watermelon_donut@gmail.com,fu9bmsHyXra8jhpBqyRC,,1,
watermelon_donut@gmail.com,gEk239lJwWAUp4GgEqPE,1,1,
watermelon_donut@gmail.com,m7zgqMjK8f3pQ4uYXuHT,1,,
watermelon_donut@gmail.com,mAdQ0KcHlsTajIPkcjX0,,1,
watermelon_donut@gmail.com,mOQClTh5oxwoXPIe2MhU,1,,
watermelon_donut@gmail.com,rBQOVwIfsIYKSbjdTQRJ,1,,
watermelon_donut@gmail.com,suZVbwNLp2ApjSGhXtTZ,1,,
watermelon_donut@gmail.com,t87tWD7aXqF5Jy2niNWm,1,,
watermelon_donut@gmail.com,vTHO8ExBk6eHmL0vSfAv,,1,
watermelon_donut@gmail.com,xdlE3JMY8dD5tEfI1fxe,1,,
watermelon_donut@gmail.com,zqJe3PHINC2L4LO8oFvb,,1,
watermelon_donut@gmail.com,v39hT1GLI9qdsk7p9bKj,1,1,
sunflower_girl@gmail.com,01PHtLBzCXDHJNnEIArw,,1,
sunflower_girl@gmail.com,0K0xuDeXiNo49ulkPS9A,1,,
sunflower_girl@gmail.com,0TbTlDbxr0qGDTtTAVqX,1,,
sunflower_girl@gmail.com,3F5yAfdkHudVpSfADqKT,1,,
sunflower_girl@gmail.com,3lhFXq0c9346Kgpt5Cx7,1,,
sunflower_girl@gmail.com,3pRqA8VKBvWfIorgeiqa,1,1,
sunflower_girl@gmail.com,4ossYKx9FVmdXIGTIKKX,1,,
sunflower_girl@gmail.com,69uWJzUXNkgo2GCevpvC,1,,
sunflower_girl@gmail.com,6AsVqtngsQnOKbRUw8fj,,1,
sunflower_girl@gmail.com,6YU2DfSRh4SF1Uqz1I3j,1,,
sunflower_girl@gmail.com,6bvq3Ty7yJ7WHSP9q3ic,,1,
sunflower_girl@gmail.com,6cLVZ8fwYlITkamNpeHd,1,,
sunflower_girl@gmail.com,74rEorK3ni7UEGCrZqTd,,1,
sunflower_girl@gmail.com,78ngvsnExMQKcEyMQpSJ,,1,
sunflower_girl@gmail.com,7lEYOY881RRlpRrl1NHe,1,1,
sunflower_girl@gmail.com,8eeNLtsCfqXFTxhAFgsC,1,,
sunflower_girl@gmail.com,95td6B38IOERfdLiTky0,1,,
sunflower_girl@gmail.com,G98C2xrrkJnCSH7isteh,1,,
sunflower_girl@gmail.com,JTJma5pIZmGeHC2pHXfw,1,,
sunflower_girl@gmail.com,Mo2YUtZ9fUiqpeKbEy0V,1,1,
sunflower_girl@gmail.com,S0nFGSVzveLUCdpgEuqZ,,1,
sunflower_girl@gmail.com,Ywu4pKesm2uztCgs9O50,1,,
sunflower_girl@gmail.com,Xc3CQSznq9vMwyGZxKFG,1,,
sunflower_girl@gmail.com,ZnngxxY7EnGlUNDxxDk1,1,1,
sunflower_girl@gmail.com,aFwIx9mCs1ueXgsB0mwM,1,,
sunflower_girl@gmail.com,dUNYEcOKFpWVfZh0Wl4l,,1,
sunflower_girl@gmail.com,kWH4Hn39fUvdBmO908Yo,,1,
sunflower_girl@gmail.com,m7zgqMjK8f3pQ4uYXuHT,1,,
sunflower_girl@gmail.com,mAdQ0KcHlsTajIPkcjX0,,1,
sunflower_girl@gmail.com,mOQClTh5oxwoXPIe2MhU,1,,
sunflower_girl@gmail.com,s9MWI9pe8wGyzYlncQm3,1,,
sunflower_girl@gmail.com,suZVbwNLp2ApjSGhXtTZ,,1,
sunflower_girl@gmail.com,t87tWD7aXqF5Jy2niNWm,,1,
sunflower_girl@gmail.com,vTHO8ExBk6eHmL0vSfAv,1,,
sunflower_girl@gmail.com,xdlE3JMY8dD5tEfI1fxe,,1,
sunflower_girl@gmail.com,zqJe3PHINC2L4LO8oFvb,1,,
,,,,
